epoch;loss;val_loss
0;0.9998925924301147;0.9967531561851501
0;0.999638020992279;0.9967484474182129
